Location Name,Address,Phone,Rating,Review Count,Description
Shred Nations,3540 W Sahara Ave #E6, Las Vegas, NV 89102,(702) 727-1282,4.8,16,"Women-owned shredding and business service, wheelchair accessible."
Shred Nations,10332 Main St, Fairfax, VA 22030,(703) 539-5564,4.0,7,"Women-owned shredding and information service, full accessibility."
Shred Nations,551 W 181st St, New York, NY 10033,(646) 676-4372,5.0,15,"Women-owned, paid street parking, document shredding specialist."
Shred Nations,1350 E Flamingo Rd Ste 13B, Las Vegas, NV 89119,(702) 805-8428,5.0,3,"Women-owned shredding provider, wheelchair accessible, business to business."
Shred Nations,14001 St Germain Dr, Centreville, VA 20121,(703) 884-2096,4.8,5,"Women-owned, accessible location for business shredding services."
Shred Nations,4768 Broadway, New York, NY 10034,(646) 676-4340,4.8,13,"Women-owned, paid parking, accessible, information security specialists."
Shred Nations,2620 S Maryland Pkwy #14, Las Vegas, NV 89109,(702) 670-4366,4.7,3,"Women-owned shredding and info security service, fully accessible."
Shred Nations,6312 Seven Corners Center, Falls Church, VA 22044,(703) 666-8945,5.0,5,"Women-owned, accessible, business-oriented shredding and information services."
Shred Nations,2218 Broadway, New York, NY 10024,(212) 730-8842,4.6,9,"Women-owned shredding with paid street parking and wheelchair access."
Shred Nations,3057 Nutley St, Fairfax, VA 22031,(703) 665-3523,4.2,5,"Women-owned shredding company, accessible entrance and parking lot."
Shred Nations,119 W 72nd St, New York, NY 10023,(212) 730-8840,5.0,3,"Women-owned location, paid street parking, secure document destruction."
Shred Nations,2961-A Hunter Mill Rd, Oakton, VA 22124,(703) 828-2276,5.0,3,"Women-owned, accessible location for shredding and B2B services."
Shred Nations,2585 Broadway, New York, NY 10025,(646) 593-8584,5.0,3,"Women-owned, paid parking, accessible location, document security expert."
Shred Nations,6-05 Saddle River Rd, Fair Lawn, NJ 07410,(201) 345-4367,5.0,3,"Women-owned, wheelchair accessible parking lot, shredding services."
Shred Nations,10401 Venice Blvd. #106, Los Angeles, CA 90034,(310) 481-2072,4.8,130,"Women-owned, onsite shredding, wheelchair accessible, high-review."
Shred Nations,10924 Grant Rd, Houston, TX 77070,(281) 940-3008,5.0,21,"Women-owned, accessible entrance/parking, business information shredding."
Shred Nations,2506 N Clark St, Chicago, IL 60614,(773) 782-6603,5.0,4,"Women-owned document security, accessible entrance, business focus."
Shred Nations,232 E 2nd St Unit A, Los Angeles, CA 90012,(628) 221-5721,5.0,7,"Women-owned, onsite shredding, fully accessible facility."
Shred Nations,8544 W Bellfort Ave, Houston, TX 77071,(281) 940-3002,5.0,20,"Women-owned, info security company, accessible building/parking."
Shred Nations,207 E Ohio St, Chicago, IL 60611,(312) 546-6696,4.7,3,"Women-owned, accessible shredding company, local business solutions."
Shred Nations,645 W 9th St #110, Los Angeles, CA 90015,(213) 785-3590,5.0,6,"Women-owned, accessible entrance, business-to-business shredding."
Shred Nations,5090 Richmond Ave., Houston, TX 77056,(832) 871-4595,5.0,4,"Women-owned, accessible, information and shredding solutions."
Shred Nations,6177 N Lincoln Ave, Chicago, IL 60659,(773) 349-9551,3.7,3,"Women-owned, accessible, business shredding specialists."
Shred Nations,325 N Larchmont Blvd, Los Angeles, CA 90004,(323) 801-7418,4.8,6,"Women-owned, accessible, shredding services for businesses."
Shred Nations,912 E 12th St ste b, Los Angeles, CA 90021,(213) 785-3805,5.0,4,"Women-owned, accessible, specialized document security shredding."
Shred Nations,8023 Beverly Blvd Ste 1, Los Angeles, CA 90048,(424) 289-6927,5.0,3,"Women-owned, accessible location for shredding."
Shred Nations,19821 NW 2nd Ave, Miami, FL 33169,(305) 504-8689,5.0,22,"Women-owned, accessible, high-rated local shredding and security."
Shred Nations,817 W Peachtree St NW a180, Atlanta, GA 30308,(470) 481-2011,4.8,6,"Women-owned, accessible, shredding and security services."
Shred Nations,3120 W Carefree Hwy Suite 1, Phoenix, AZ 85086,(623) 208-7448,5.0,36,"Accessible shredding service provider."
Shred Nations,18495 S Dixie Hwy, Miami, FL 33157,(305) 985-6053,5.0,10,"Women-owned, wheelchair accessible, business-facing shredding."
Shred Nations,830 Glenwood Ave SE Ste 510, Atlanta, GA 30316,(470) 361-2130,5.0,4,"Women-owned, accessible, document shredding and security solutions."
Shred Nations,3241 E Shea Blvd Ste 1, Phoenix, AZ 85028,(602) 759-0981,4.9,17,"Women-owned, accessible entry/parking, document destruction services."
Shred Nations,6800 SW 40th St, Miami, FL 33155,(305) 677-9461,5.0,9,"Women-owned, onsite services, fully accessible."
Shred Nations,12973 SW 112th St, Miami, FL 33186,(305) 351-9333,4.6,9,"Women-owned, accessible, information security shredding."
Shred Nations,1270 Caroline St NE D120, Atlanta, GA 30307,(470) 307-4986,4.2,5,"Women-owned, accessible, comprehensive shredding services."
Shred Nations,1579 Monroe Dr NE Suite F, Atlanta, GA 30324,(404) 975-0388,5.0,3,"Women-owned, accessible, document shredding professionals."
Shred Nations,24 W Camelback Rd, Phoenix, AZ 85013,(602) 367-3142,4.4,8,"Women-owned, onsite, accessible shredding and data security."
Shred Nations,18631 N 19th Ave #158, Phoenix, AZ 85027,(623) 208-4135,4.9,7,"Women-owned, accessible, special document and information destruction."
Shred Nations,3039 W Peoria Ave Ste 102, Phoenix, AZ 85051,(602) 635-7404,3.4,5,"Women-owned, accessible, business shredding and security."
